Title,Link,imgSrc 
Massdrop Objective 2 Amp || ★★★★★ || $95 || Upgrade your headphone experience with this great amp (massdrop.com)Massdrop Objective 2 Amp || ★★★★★ || $95 || Upgrade your headphone experience with this great amp, https://alb.reddit.com/c?q=CgADCByieEPAnUYKAAUgwexQbgEzyAoABiDB7FBuADPICAAHAAAAAgoADAgconkGQ5wLAA==&s=ocDn5nX78rSJsJ3ZI4Wl89aa7NEufK03Pi1AqHNv95A=&r=aHR0cHM6Ly93d3cubWFzc2Ryb3AuY29tL2J1eS9tYXNzZHJvcC1vMi1hbXBsaWZpZXI_bW9kZT1zaG9wX29wZW4mdXRtX3NvdXJjZT1yZWRkaXQmdXRtX21lZGl1bT1jcGMmdXRtX2NhbXBhaWduPW8yYW1wJnV0bV90ZXJtPTIwMTkwMjE1JmZlPWRlbGF5X2Z0dWUsY2Fyb3VzZWwsbm9fYWw=, //www.redditstatic.com/icon-sponsored-tiny.png 
It very rarely snows in Vancouver. Right now we’re getting buried. Today I caught this scary, but beautiful scene. (i.redd.it)It very rarely snows in Vancouver. Right now we’re getting buried. Today I caught this scary, but beautiful scene., /r/pics/comments/aqsthy/it_very_rarely_snows_in_vancouver_right_now_were/, undefined 
Rewatching Baywatch...Background kid on point (v.redd.it)Rewatching Baywatch...Background kid on point, /r/funny/comments/aqs3rm/rewatching_baywatchbackground_kid_on_point/, undefined 
Camera dropped down a 650m-deep (2100 ft) hole to study how global warming will affect Antarctica/r/ALL (gfycat.com)Camera dropped down a 650m-deep (2100 ft) hole to study how global warming will affect Antarctica, https://gfycat.com/linearearlygiraffe, undefined 
I hate when youtubers do thisClickshaming (i.redd.it)I hate when youtubers do this, /r/assholedesign/comments/aqsslj/i_hate_when_youtubers_do_this/, undefined 
Wisconsin high school drains half court shot at the buzzer! Basketball (v.redd.it)Wisconsin high school drains half court shot at the buzzer!, /r/sports/comments/aqsbve/wisconsin_high_school_drains_half_court_shot_at/, undefined 
Two friends helping each other remove snakes from each others hair.Snakes (i.imgur.com)Two friends helping each other remove snakes from each others hair., https://i.imgur.com/bGsYB0h.gifv, undefined 
A Shark Bus chasing a Fillet ‘o Fish in Auckland.OC (i.redd.it)A Shark Bus chasing a Fillet ‘o Fish in Auckland., /r/mildlyinteresting/comments/aqrszf/a_shark_bus_chasing_a_fillet_o_fish_in_auckland/, undefined 
Facebook is thinking about removing anti-vaccination content as backlash intensifies over the spread of misinformation on the social network (businessinsider.com)Facebook is thinking about removing anti-vaccination content as backlash intensifies over the spread of misinformation on the social network, http://www.businessinsider.com/facebook-may-remove-anti-vaccination-content-2019-2, undefined 
The real MVP (i.redd.it)The real MVP, /r/gaming/comments/aqtjtt/the_real_mvp/, undefined 
Awsome bus driver (i.redd.it)Awsome bus driver, /r/HumansBeingBros/comments/aqrnaw/awsome_bus_driver/, undefined 
He tried.... (v.redd.it)He tried...., /r/Unexpected/comments/aqrkds/he_tried/, undefined 
One of the many things too painful to admit (i.redd.it)One of the many things too painful to admit, /r/WhitePeopleTwitter/comments/aqrg9b/one_of_the_many_things_too_painful_to_admit/, undefined 
Aurora of different planets (i.redd.it)Aurora of different planets, /r/BeAmazed/comments/aqr94h/aurora_of_different_planets/, undefined 
We're counting on you Elon (i.redd.it)We're counting on you Elon, /r/dankmemes/comments/aqtjt0/were_counting_on_you_elon/, undefined 
To make a smoothie (i.redd.it)To make a smoothie, /r/therewasanattempt/comments/aqsz97/to_make_a_smoothie/, undefined 
Best bus driver ever (i.redd.it)Best bus driver ever, https://i.redd.it/bhmrihhssmg21.jpg, undefined 
Last laugh (i.redd.it)Last laugh, /r/memes/comments/aqr53q/last_laugh/, undefined 
Jake and Amy won a twitter poll (v.redd.it)Jake and Amy won a twitter poll, /r/brooklynninenine/comments/aqrfnc/jake_and_amy_won_a_twitter_poll/, undefined 
Give her a day she will always remember (i.redd.it)Give her a day she will always remember, https://i.redd.it/qvuncobb5ng21.jpg, undefined 
Good Samaritan stops cyclist from hitting a parked carDEATH/ NSFL (v.redd.it)Good Samaritan stops cyclist from hitting a parked car, /r/yesyesyesyesno/comments/aqsj3d/good_samaritan_stops_cyclist_from_hitting_a/, undefined 
2meirl4meirl (i.redd.it)2meirl4meirl, https://i.redd.it/k9kaspog0ng21.jpg, undefined 
When someone locks you out of the negotiations (i.imgur.com)When someone locks you out of the negotiations, https://i.imgur.com/q2A4hZs.jpg, undefined 
me irl (i.redd.it)me irl, /r/me_irl/comments/aqt9k7/me_irl/, undefined 
91-year-old mailman retires after 69 years with perfect record (abc4.com)91-year-old mailman retires after 69 years with perfect record, https://www.abc4.com/news/local-news/91-year-old-mailman-retires-after-69-years-with-perfect-record/1780480302, undefined 
Headless men (i.redd.it)Headless men, https://i.redd.it/t8ueulv94lg21.jpg, undefined 
